[null,{"name":"Rules","permissions":"NONE","permissions2":"NONE","restriction":"0","_id":"HzLbU","actions":[{"channel":"0","varName":"","message":"","buttons":[],"selectMenus":[],"attachments":[],"embeds":[{"title":"Rules","url":"","color":"#ff0000","timestamp":"false","imageUrl":"","thumbUrl":"https://cdn.discordapp.com/attachments/1073717707356262473/1073747244001542275/Riva.png","description":"","fields":[{"name":"Basic Behavior Rules","value":"1. All guild members are expected to be respectful and polite when dealing with other members of the community. Griefing, interfering with other players, and otherwise being a jerk is not permitted.\n2. Humor is welcome! If someone is offended by a joke, apologize and move on; if you're offended, state that and then move on. There's no need to go into depth on the matter.\n3. The following topics are off-limits in general guild chat: Politcs\n4. Adult language in guild chat is #adult-chat\n5. All players are expected to treat officers and other guild members with respect and politeness.","inline":"false"},{"name":"Ranks","value":"1. Grand Duke\n2. Duke\n3. Baron\n4. Knight\n5. Reeve\n6. Peasant","inline":"false"}],"author":"","authorUrl":"","authorIcon":"","footerText":"","footerIconUrl":""}],"reply":true,"ephemeral":false,"tts":false,"overwrite":false,"dontSend":false,"editMessage":"0","editMessageVarName":"","storage":"0","varName2":"","name":"Send Message"}],"comType":"4"},{"name":"Wardec","permissions":"NONE","permissions2":"NONE","restriction":"2","_id":"iLiyG","actions":[{"info":"0","infoIndex":"1","storage":"1","varName":"EnemyGuild","name":"Store Command Params"},{"info":"0","infoIndex":"2","storage":"1","varName":"EnemyWhy","name":"Store Command Params"},{"channel":"0","varName":"","message":"","buttons":[],"selectMenus":[],"attachments":[],"embeds":[{"title":"War has been declared!","url":"","color":"#ff0000","timestamp":"false","imageUrl":"","thumbUrl":"https://cdn.discordapp.com/ephemeral-attachments/1073869080823603222/1073891919475785808/361806.png","description":"The grand duke stood before his subjects, his face set in determination. He raised a fist, declaring war on **${tempVars(\"EnemyGuild\")}**. \"We will not stand idly by,\" he boomed, \"we will fight for what is rightfully ours. Our army shall march forth, striking fear into the hearts of our enemies.\" The people erupted in cheers, ready to defend their homeland under the grand duke's leadership.\n\nReason of war declaration: **${tempVars(\"EnemyWhy\")}**","fields":[],"author":"","authorUrl":"","authorIcon":"","footerText":"","footerIconUrl":""}],"reply":true,"ephemeral":false,"tts":false,"overwrite":false,"dontSend":false,"editMessage":"0","editMessageVarName":"","storage":"0","varName2":"","name":"Send Message"}],"comType":"4","description":"Declares war on a guild","parameters":[{"name":"EnemyGuild","description":"","type":"STRING","required":true,"choices":null},{"name":"EnemyWhy","description":"","type":"STRING","required":true,"choices":null}]},{"name":"foelist","permissions":"NONE","permissions2":"NONE","restriction":"1","_id":"eerLv","actions":[{"info":"0","infoIndex":"1","storage":"1","varName":"NameFoe","name":"Store Command Params"},{"info":"0","infoIndex":"2","storage":"1","varName":"GuildFoe","name":"Store Command Params"},{"info":"0","infoIndex":"3","storage":"1","varName":"LocationFoe","name":"Store Command Params"},{"info":"0","infoIndex":"4","storage":"1","varName":"ReasonFoe","name":"Store Command Params"},{"channel":"0","varName":"","message":"","buttons":[],"selectMenus":[],"attachments":[],"embeds":[{"title":"Player Information:","url":"","color":"#ff0000","timestamp":"false","imageUrl":"","thumbUrl":"https://cdn.discordapp.com/attachments/1073717707356262473/1073979578982355025/id-card_318-202291.png","description":"Name: **${tempVars(\"NameFoe\")}**\nGuild: **${tempVars(\"GuildFoe\")}**\nLocation: **${slashParams(\"LocationFoe\")}**\nReason: **${tempVars(\"ReasonFoe\")}**","fields":[],"author":"","authorUrl":"","authorIcon":"","footerText":"","footerIconUrl":""}],"reply":true,"ephemeral":false,"tts":false,"overwrite":false,"dontSend":false,"editMessage":"0","editMessageVarName":"","storage":"0","varName2":"","name":"Send Message"}],"comType":"4","parameters":[{"name":"NameFoe","description":"","type":"STRING","required":true,"choices":null},{"name":"GuildFoe","description":"","type":"STRING","required":true,"choices":null},{"name":"LocationFoe","description":"","type":"STRING","required":true,"choices":null},{"name":"ReasonFoe","description":"","type":"STRING","required":true,"choices":null}]},{"name":"guildlist","permissions":"NONE","permissions2":"NONE","restriction":"1","_id":"vmNHH","actions":[{"info":"0","infoIndex":"1","storage":"1","varName":"NameFoe","name":"Store Command Params"},{"info":"0","infoIndex":"2","storage":"1","varName":"ReasonFoe","name":"Store Command Params"},{"channel":"0","varName":"","message":"","buttons":[],"selectMenus":[],"attachments":[],"embeds":[{"title":"Can freely attack:","url":"","color":"#ff0000","timestamp":"false","imageUrl":"","thumbUrl":"https://cdn.discordapp.com/ephemeral-attachments/1073869080823603222/1073891919475785808/361806.png","description":"Guild Name: **${tempVars(\"NameFoe\")}**\nReason: **${tempVars(\"ReasonFoe\")}**","fields":[],"author":"","authorUrl":"","authorIcon":"","footerText":"","footerIconUrl":""}],"reply":true,"ephemeral":false,"tts":false,"overwrite":false,"dontSend":false,"editMessage":"0","editMessageVarName":"","storage":"0","varName2":"","name":"Send Message"}],"comType":"4","parameters":[{"name":"GuildNameFoe","description":"","type":"STRING","required":true,"choices":null},{"name":"ReasonFoe","description":"","type":"STRING","required":true,"choices":null}]}]