[null,{"name":"join","temp":"member","event-type":"6","_id":"JXEZq","actions":[{"server":"0","varName":"","info":"17","storage":"1","varName2":"count","name":"Store Server Info"},{"channel":"103","varName":"1072552887797956679","message":"","buttons":[],"selectMenus":[],"attachments":[],"embeds":[{"title":"A stranger approaches the gate..","url":"","color":"#4f4141","timestamp":"false","imageUrl":"","thumbUrl":"","description":"${tempVars(\"member\")}, please state the purpose of your visit.\n\nYou are member ${tempVars(\"count\")}.","fields":[],"author":"","authorUrl":"","authorIcon":"","footerText":"","footerIconUrl":""}],"reply":true,"ephemeral":false,"tts":false,"overwrite":false,"dontSend":false,"editMessage":"0","editMessageVarName":"","storage":"0","varName2":"","name":"Send Message"}]},{"name":"leave","temp":"member","event-type":"7","_id":"Sxyqq","actions":[{"server":"0","varName":"","info":"17","storage":"1","varName2":"count","name":"Store Server Info"},{"channel":"103","varName":"1072556688755933225","message":"","buttons":[],"selectMenus":[],"attachments":[],"embeds":[{"title":"Someone left the gate..","url":"","color":"#4f4141","timestamp":"false","imageUrl":"","thumbUrl":"","description":"${tempVars(\"member\")} left silently, the guards closed the gate behind him/her.\n\nYou are member ${tempVars(\"count\")}.","fields":[],"author":"","authorUrl":"","authorIcon":"","footerText":"","footerIconUrl":""}],"reply":true,"ephemeral":false,"tts":false,"overwrite":false,"dontSend":false,"editMessage":"0","editMessageVarName":"","storage":"0","varName2":"","name":"Send Message"}]}]